"Residue","n_total","n_strong","n_weak","n_nonbinder","pct_strong","pct_weak","pct_nonbinder","AA_Name","Label"
"I",57,34,18,5,59.6,31.6,8.8,"Ile","I (Ile)
n=57"
"N",130,75,26,29,57.7,20,22.3,"Asn","N (Asn)
n=130"
"P",192,103,26,63,53.6,13.5,32.8,"Pro","P (Pro)
n=192"
"L",193,103,34,56,53.4,17.6,29,"Leu","L (Leu)
n=193"
"E",158,84,17,57,53.2,10.8,36.1,"Glu","E (Glu)
n=158"
"D",148,75,17,56,50.7,11.5,37.8,"Asp","D (Asp)
n=148"
"Q",78,39,4,35,50,5.1,44.9,"Gln","Q (Gln)
n=78"
"Y",110,54,21,35,49.1,19.1,31.8,"Tyr","Y (Tyr)
n=110"
"R",124,60,16,48,48.4,12.9,38.7,"Arg","R (Arg)
n=124"
"T",105,49,3,53,46.7,2.9,50.5,"Thr","T (Thr)
n=105"
"K",168,69,28,71,41.1,16.7,42.3,"Lys","K (Lys)
n=168"
"S",192,79,26,87,41.1,13.5,45.3,"Ser","S (Ser)
n=192"
"V",111,45,21,45,40.5,18.9,40.5,"Val","V (Val)
n=111"
"G",121,47,17,57,38.8,14,47.1,"Gly","G (Gly)
n=121"
"C",104,26,23,55,25,22.1,52.9,"Cys","C (Cys)
n=104"
